android_cpu,android_mem
9.478353658536571,144109.11226245697
