android_cpu,android_mem
10.16725806451614,159503.97174638486
