android_cpu,android_mem
14.240677966101694,155646.08378044673
