android_cpu,android_mem
9.824468085106382,144227.89716312056
